termA,idA,titleA,termB,idB,titleB,relatedness
episcopal,-1,,russia,-1,,2.75
water,-1,,shortage,-1,,2.714285714
horse,-1,,wedding,-1,,2.266666667
plays,-1,,losses,-1,,3.2
classics,-1,,advertiser,-1,,2.25
latin,-1,,credit,-1,,2.0625
ship,-1,,ballots,-1,,2.3125
mistake,-1,,error,-1,,4.352941176
disease,-1,,plague,-1,,4.117647059
sake,-1,,shade,-1,,2.529411765
saints,-1,,observatory,-1,,1.9375
treaty,-1,,wheat,-1,,1.8125
texas,-1,,death,-1,,1.533333333
republicans,-1,,challenge,-1,,2.3125
body,-1,,peaceful,-1,,2.058823529
admiralty,-1,,intensity,-1,,2.647058824
body,-1,,improving,-1,,2.117647059
heroin,-1,,marijuana,-1,,3.375
scottish,-1,,commuters,-1,,2.6875
apollo,-1,,myth,-1,,2.6
film,-1,,cautious,-1,,2.125
exhibition,-1,,art,-1,,4.117647059
chocolate,-1,,candy,-1,,3.764705882
republic,-1,,candidate,-1,,2.8125
gospel,-1,,church,-1,,4.0625
momentum,-1,,desirable,-1,,2.4
singapore,-1,,sanctions,-1,,2.117647059
english,-1,,french,-1,,3.823529412
exile,-1,,church,-1,,2.941176471
navy,-1,,coordinator,-1,,2.235294118
adventure,-1,,flood,-1,,2.4375
radar,-1,,plane,-1,,3.235294118
pacific,-1,,ocean,-1,,4.266666667
scotch,-1,,liquor,-1,,4.571428571
kennedy,-1,,gun,-1,,3
garfield,-1,,cat,-1,,2.866666667
scale,-1,,budget,-1,,3.5
rhythm,-1,,blues,-1,,3.071428571
rich,-1,,privileges,-1,,3.2
navy,-1,,withdrawn,-1,,1.571428571
marble,-1,,marching,-1,,2.615384615
polo,-1,,charged,-1,,2.125
mark,-1,,missing,-1,,2.333333333
battleship,-1,,army,-1,,4.235294118
medium,-1,,organization,-1,,2.5625
pennsylvania,-1,,writer,-1,,1.466666667
hamlet,-1,,poet,-1,,3.882352941
battle,-1,,prisoners,-1,,3.705882353
guild,-1,,smith,-1,,2.75
mud,-1,,soil,-1,,4.235294118
crime,-1,,assaulted,-1,,3.941176471
mussolini,-1,,stability,-1,,2.133333333
lincoln,-1,,division,-1,,2.4375
slaves,-1,,insured,-1,,2.2
summer,-1,,winter,-1,,4.375
integration,-1,,dignity,-1,,3.058823529
money,-1,,quota,-1,,2.5
honolulu,-1,,vacation,-1,,3.6875
libya,-1,,forged,-1,,2.461538462
cheers,-1,,musician,-1,,2.823529412
session,-1,,surprises,-1,,1.8125
billion,-1,,campaigning,-1,,2.571428571
perjury,-1,,soybean,-1,,2.0625
forswearing,-1,,perjury,-1,,3.3125
costume,-1,,halloween,-1,,3.4375
bulgarian,-1,,nurses,-1,,1.941176471
costume,-1,,ultimate,-1,,2.5
faith,-1,,judging,-1,,2.235294118
france,-1,,bridges,-1,,2.235294118
citizenship,-1,,casey,-1,,2.2
recreation,-1,,dish,-1,,1.4
intelligence,-1,,troubles,-1,,1.625
germany,-1,,worst,-1,,1.4375
chaos,-1,,death,-1,,2.75
sydney,-1,,hancock,-1,,2.857142857
sabbath,-1,,stevenson,-1,,2.214285714
espionage,-1,,passport,-1,,2.3125
political,-1,,today,-1,,1.6875
pipe,-1,,convertible,-1,,2
scouting,-1,,demonstrate,-1,,2.5625
salute,-1,,patterns,-1,,2.235294118
reichstag,-1,,germany,-1,,2.285714286
radiation,-1,,costumes,-1,,1.5625
horace,-1,,grief,-1,,1.764705882
sale,-1,,rental,-1,,3.470588235
open,-1,,close,-1,,4.058823529
photography,-1,,proving,-1,,2.375
propaganda,-1,,germany,-1,,1.705882353
assassination,-1,,forbes,-1,,2.071428571
mirror,-1,,duel,-1,,1.928571429
probability,-1,,hanging,-1,,2.058823529
africa,-1,,theater,-1,,1.5
hell,-1,,heaven,-1,,4.117647059
mussolini,-1,,italy,-1,,3
composer,-1,,beethoven,-1,,3.647058824
minister,-1,,forthcoming,-1,,1.764705882
brussels,-1,,sweden,-1,,3.176470588
neutral,-1,,parish,-1,,1.6
emotion,-1,,taxation,-1,,1.733333333
louisiana,-1,,simple,-1,,2
quarantine,-1,,disease,-1,,3
cannon,-1,,imprisoned,-1,,2.625
bronze,-1,,suspicion,-1,,2
pearl,-1,,interim,-1,,2.352941176
artist,-1,,paint,-1,,4.117647059
relay,-1,,family,-1,,2.0625
art,-1,,mortality,-1,,2.294117647
food,-1,,investment,-1,,2.25
alt,-1,,tenor,-1,,2.692307692
catholics,-1,,protestant,-1,,3.5625
militia,-1,,landlord,-1,,3.0625
battle,-1,,warships,-1,,4.176470588
alcohol,-1,,fleeing,-1,,2.5625
coil,-1,,ashes,-1,,3.117647059
poland,-1,,russia,-1,,4
explosive,-1,,builders,-1,,2.4375
aeronautics,-1,,plane,-1,,4.277777778
charge,-1,,sentence,-1,,3.133333333
pet,-1,,retiring,-1,,2
drink,-1,,alcohol,-1,,4.352941176
stability,-1,,species,-1,,2.375
colonies,-1,,depression,-1,,2
easter,-1,,preference,-1,,2.0625
genius,-1,,intellect,-1,,4.090909091
diamond,-1,,killed,-1,,1.555555556
slavery,-1,,african,-1,,2.8
jurisdiction,-1,,law,-1,,4.454545455
saints,-1,,repeal,-1,,1.555555556
conspiracy,-1,,campaign,-1,,2.166666667
operator,-1,,extracts,-1,,2.214285714
physician,-1,,action,-1,,2.153846154
electronics,-1,,guess,-1,,1.916666667
slavery,-1,,diamond,-1,,2.285714286
quarterback,-1,,sport,-1,,3.142857143
assassination,-1,,killed,-1,,4.285714286
slavery,-1,,klan,-1,,2.230769231
heroin,-1,,shoot,-1,,2.692307692
birds,-1,,disturbances,-1,,1.692307692
palestinians,-1,,turks,-1,,2.5
citizenship,-1,,court,-1,,2.5
immunity,-1,,violation,-1,,2.076923077
alternative,-1,,contend,-1,,2.461538462
chile,-1,,plates,-1,,2.692307692
abraham,-1,,stranger,-1,,1.846153846
kansas,-1,,city,-1,,3.769230769
month,-1,,year,-1,,3.857142857
month,-1,,day,-1,,3.857142857
amateur,-1,,actor,-1,,2.333333333
afghanistan,-1,,war,-1,,3.384615385
transmission,-1,,maxwell,-1,,2.25
manchester,-1,,ambitious,-1,,1.923076923
program,-1,,battered,-1,,1.928571429
drawing,-1,,music,-1,,2.583333333
exile,-1,,pledges,-1,,2.307692308
adventure,-1,,sixteen,-1,,1.538461538
exile,-1,,threats,-1,,2.166666667
concrete,-1,,wings,-1,,1.428571429
seizure,-1,,bishops,-1,,2
submarine,-1,,sea,-1,,3.857142857
villa,-1,,mayor,-1,,2.25
trade,-1,,farley,-1,,2.375
nature,-1,,forest,-1,,3.636363636
chronicle,-1,,young,-1,,1.9
radical,-1,,bishops,-1,,1.818181818
pakistan,-1,,radical,-1,,2.875
fire,-1,,water,-1,,4.266666667
gossip,-1,,nuisance,-1,,3.0625
con,-1,,examiner,-1,,2.266666667
satellite,-1,,space,-1,,3.75
essay,-1,,boston,-1,,2
miniature,-1,,statue,-1,,3.6
spill,-1,,pollution,-1,,3.5
minister,-1,,council,-1,,3.5625
landscape,-1,,mountain,-1,,3.5625
religion,-1,,remedy,-1,,2.5625
ship,-1,,storm,-1,,3.5
college,-1,,scientist,-1,,2.8125
crystal,-1,,oldest,-1,,2.5625
afghanistan,-1,,wise,-1,,2.066666667
trinity,-1,,religion,-1,,3.133333333
homer,-1,,odyssey,-1,,2.857142857
parish,-1,,clue,-1,,2.4375
actress,-1,,actor,-1,,4.0625
patent,-1,,professionals,-1,,2.375
chaos,-1,,horrible,-1,,3.066666667
acre,-1,,earthquake,-1,,2.125
goverment,-1,,immunity,-1,,2
football,-1,,justice,-1,,1.8
gambling,-1,,money,-1,,3.75
corruption,-1,,nervous,-1,,1.875
cardinals,-1,,villages,-1,,2.375
life,-1,,death,-1,,4.103448276
artillery,-1,,sanctions,-1,,2.428571429
jerusalem,-1,,murdered,-1,,2.357142857
cell,-1,,brick,-1,,3.285714286
knowledge,-1,,promoter,-1,,2.642857143
adventure,-1,,rails,-1,,2.571428571
houston,-1,,crash,-1,,2.357142857
oxford,-1,,subcommittee,-1,,2.642857143
militia,-1,,weapon,-1,,3.785714286
manufacturer,-1,,meat,-1,,1.857142857
damages,-1,,reaction,-1,,3.071428571
sea,-1,,fishing,-1,,4.357142857
atomic,-1,,clash,-1,,2.785714286
broadcasting,-1,,athletics,-1,,3
mystery,-1,,expedition,-1,,2.538461538
kremlin,-1,,soviets,-1,,3.166666667
pig,-1,,blaze,-1,,1.75
riverside,-1,,vietnamese,-1,,2.25
bitter,-1,,protective,-1,,1.923076923
disaster,-1,,announced,-1,,2.384615385
pork,-1,,blaze,-1,,2.230769231
feet,-1,,international,-1,,1.916666667
radical,-1,,uniform,-1,,2.5
gossip,-1,,condemned,-1,,2.692307692
mozart,-1,,wagner,-1,,3.166666667
soccer,-1,,boxing,-1,,3.4
radical,-1,,roles,-1,,2.75
rescued,-1,,slaying,-1,,3
researchers,-1,,tested,-1,,3.538461538
sales,-1,,season,-1,,2.307692308
homeless,-1,,refugees,-1,,3.615384615
pakistan,-1,,repair,-1,,1.75
athens,-1,,painting,-1,,2.294117647
tiger,-1,,woods,-1,,3.375
aircraft,-1,,plane,-1,,4.473684211
solar,-1,,carbon,-1,,2.842105263
enterprise,-1,,bankruptcy,-1,,2.5
homer,-1,,springfield,-1,,2.833333333
coin,-1,,awards,-1,,2.166666667
rhodes,-1,,native,-1,,2.25
soccer,-1,,curator,-1,,2.125
gasoline,-1,,stock,-1,,2.888888889
guilt,-1,,extended,-1,,2.105263158
rapid,-1,,singapore,-1,,1.764705882
coin,-1,,banker,-1,,3.631578947
london,-1,,correspondence,-1,,1.944444444
pop,-1,,sex,-1,,2.6
medicine,-1,,bread,-1,,2.176470588
asia,-1,,animal,-1,,1.555555556
pop,-1,,clubhouse,-1,,3.210526316
nazi,-1,,defensive,-1,,2.055555556
earth,-1,,poles,-1,,3.421052632
thailand,-1,,crowded,-1,,2.166666667
day,-1,,independence,-1,,3.473684211
controversy,-1,,pitch,-1,,2.375
stock,-1,,gasoline,-1,,3.166666667
composers,-1,,mozart,-1,,3.833333333
tone,-1,,piano,-1,,3.722222222
paris,-1,,chef,-1,,2.111111111
profession,-1,,responsible,-1,,2.722222222
bankruptcy,-1,,chronicle,-1,,2
lebanon,-1,,war,-1,,2.722222222
israel,-1,,terror,-1,,3.055555556
angola,-1,,military,-1,,2.941176471
chemistry,-1,,patients,-1,,2.357142857
munich,-1,,constitution,-1,,3.071428571
piano,-1,,theater,-1,,3.266666667
poetry,-1,,artist,-1,,3.8
acre,-1,,burned,-1,,1.769230769
religion,-1,,abortion,-1,,2.076923077
jazz,-1,,music,-1,,4.533333333
government,-1,,transportation,-1,,3
color,-1,,wine,-1,,2.533333333
jackson,-1,,quota,-1,,1.692307692
shariff,-1,,deputy,-1,,3.642857143
boat,-1,,negroes,-1,,2
shooting,-1,,sentenced,-1,,2.933333333
republicans,-1,,friedman,-1,,2.416666667
politics,-1,,brokerage,-1,,2.5
russian,-1,,stalin,-1,,3.357142857
love,-1,,philip,-1,,2.5
nuclear,-1,,plant,-1,,3.733333333
jamaica,-1,,queens,-1,,3.076923077
dollar,-1,,asylum,-1,,1.846153846
bridge,-1,,rowing,-1,,2.785714286
berlin,-1,,germany,-1,,4
funeral,-1,,death,-1,,4.714285714
albert,-1,,einstein,-1,,4.266666667
gulf,-1,,shore,-1,,3.857142857
ecuador,-1,,argentina,-1,,3.266666667
britain,-1,,france,-1,,3.714285714
sports,-1,,score,-1,,3.866666667
socialism,-1,,capitalism,-1,,3.785714286
treaty,-1,,peace,-1,,4.166666667
exchange,-1,,market,-1,,4.266666667
marriage,-1,,anniversary,-1,,4.333333333
